{
  "losses": [
    0.5484568215556214,
    0.35302775298906447,
    0.22790099860229268,
    0.147782440955102,
    0.09957042312563076,
    0.07188802459460915,
    0.05455667840137243,
    0.044372332481756045,
    0.03708264003446995,
    0.03200262506855525,
    0.028602514084662328,
    0.026054843883005926,
    0.02403161842174641,
    0.022387066892374772,
    0.02082167105077463,
    0.01986757911575421,
    0.019022010786375956,
    0.017971022472164193,
    0.01756846879690124,
    0.01669142525091351,
    0.01627273064668399,
    0.01578765204269138,
    0.015398460407519748,
    0.01521574558254585,
    0.01475411983933569
  ],
  "metrics": {
    "both": {
      "optimistic": {
        "adjusted_arithmetic_mean_rank": 0.32954658480189414,
        "adjusted_arithmetic_mean_rank_index": 0.6704549138513363,
        "adjusted_geometric_mean_rank_index": 0.9267629207442428,
        "adjusted_hits_at_k": 0.01566637640738173,
        "adjusted_inverse_harmonic_mean_rank": 0.007911353964839139,
        "arithmetic_mean_rank": 147429.78738350564,
        "count": 227908.0,
        "geometric_mean_rank": 24106.764072966653,
        "harmonic_mean_rank": 126.14809907293338,
        "hits_at_1": 0.0033829439949453286,
        "hits_at_10": 0.015677378591361427,
        "hits_at_3": 0.0075205784790354,
        "hits_at_5": 0.010455973462976288,
        "inverse_arithmetic_mean_rank": 6.782889792811839e-06,
        "inverse_geometric_mean_rank": 4.14821332706948e-05,
        "inverse_harmonic_mean_rank": 0.007927190400402651,
        "inverse_median_rank": 2.321262766945218e-05,
        "median_absolute_deviation": 63005.40517872331,
        "median_rank": 43080.0,
        "standard_deviation": 210010.77776988928,
        "variance": 44104526779.513824,
        "z_arithmetic_mean_rank": 554.3615296787547,
        "z_geometric_mean_rank": 442.2871014782294,
        "z_hits_at_k": 2237.059954605955,
        "z_inverse_harmonic_mean_rank": 2785.552675683552
      },
      "pessimistic": {
        "adjusted_arithmetic_mean_rank": 0.32954696814011447,
        "adjusted_arithmetic_mean_rank_index": 0.6704545305122591,
        "adjusted_geometric_mean_rank_index": 0.9267627724334714,
        "adjusted_hits_at_k": 0.01566637640738173,
        "adjusted_inverse_harmonic_mean_rank": 0.007911352189821265,
        "arithmetic_mean_rank": 147429.9588781438,
        "count": 227908.0,
        "geometric_mean_rank": 24106.812889010405,
        "harmonic_mean_rank": 126.14812731895691,
        "hits_at_1": 0.0033829439949453286,
        "hits_at_10": 0.015677378591361427,
        "hits_at_3": 0.0075205784790354,
        "hits_at_5": 0.010455973462976288,
        "inverse_arithmetic_mean_rank": 6.7828819027653405e-06,
        "inverse_geometric_mean_rank": 4.148204926980915e-05,
        "inverse_harmonic_mean_rank": 0.00792718862541311,
        "inverse_median_rank": 2.321262766945218e-05,
        "median_absolute_deviation": 63005.40517872331,
        "median_rank": 43080.0,
        "standard_deviation": 210010.91532133147,
        "variance": 44104584554.10346,
        "z_arithmetic_mean_rank": 554.361212717192,
        "z_geometric_mean_rank": 442.28703069859444,
        "z_hits_at_k": 2237.059954605955,
        "z_inverse_harmonic_mean_rank": 2785.5520507076235
      },
      "realistic": {
        "adjusted_arithmetic_mean_rank": 0.329546780649131,
        "adjusted_arithmetic_mean_rank_index": 0.6704547180036617,
        "adjusted_geometric_mean_rank_index": 0.9267628982272258,
        "adjusted_hits_at_k": 0.01566637640738173,
        "adjusted_inverse_harmonic_mean_rank": 0.007911353145519582,
        "arithmetic_mean_rank": 147429.875,
        "count": 227908.0,
        "geometric_mean_rank": 24106.771484375,
        "harmonic_mean_rank": 126.14810943603516,
        "hits_at_1": 0.0033829439949453286,
        "hits_at_10": 0.015677378591361427,
        "hits_at_3": 0.0075205784790354,
        "hits_at_5": 0.010455973462976288,
        "inverse_arithmetic_mean_rank": 6.782885975553654e-06,
        "inverse_geometric_mean_rank": 4.1482118831481785e-05,
        "inverse_harmonic_mean_rank": 0.007927189581096172,
        "inverse_median_rank": 2.3212627638713457e-05,
        "median_absolute_deviation": 63005.40625,
        "median_rank": 43080.0,
        "standard_deviation": 210010.84375,
        "variance": 44104552448.0,
        "z_arithmetic_mean_rank": 554.3613677433073,
        "z_geometric_mean_rank": 442.2870907322382,
        "z_hits_at_k": 2237.059954605955,
        "z_inverse_harmonic_mean_rank": 2785.5523872047665
      }
    },
    "head": {
      "optimistic": {
        "adjusted_arithmetic_mean_rank": 0.5524907101756908,
        "adjusted_arithmetic_mean_rank_index": 0.4475102929135816,
        "adjusted_geometric_mean_rank_index": 0.6841612163377836,
        "adjusted_hits_at_k": 0.0008312454534917644,
        "adjusted_inverse_harmonic_mean_rank": 0.0004582353445716783,
        "arithmetic_mean_rank": 246483.8238675255,
        "count": 113954.0,
        "geometric_mean_rank": 103667.32052648377,
        "harmonic_mean_rank": 2108.6686090118633,
        "hits_at_1": 0.00011408112045211225,
        "hits_at_10": 0.000842445197184829,
        "hits_at_3": 0.0003510188321603454,
        "hits_at_5": 0.0004914263650244836,
        "inverse_arithmetic_mean_rank": 4.057061369420563e-06,
        "inverse_geometric_mean_rank": 9.646241408781576e-06,
        "inverse_harmonic_mean_rank": 0.00047423288596713494,
        "inverse_median_rank": 6.183680031660442e-06,
        "median_absolute_deviation": 209229.27288216606,
        "median_rank": 161716.0,
        "standard_deviation": 241067.65676505867,
        "variance": 58113615138.19613,
        "z_arithmetic_mean_rank": 261.6364729409011,
        "z_geometric_mean_rank": 231.00454675045052,
        "z_hits_at_k": 83.81215678875587,
        "z_inverse_harmonic_mean_rank": 113.92469507713483
      },
      "pessimistic": {
        "adjusted_arithmetic_mean_rank": 0.5524912833236123,
        "adjusted_arithmetic_mean_rank_index": 0.44750971976437537,
        "adjusted_geometric_mean_rank_index": 0.6841607476427243,
        "adjusted_hits_at_k": 0.0008312454534917644,
        "adjusted_inverse_harmonic_mean_rank": 0.00045823518354725924,
        "arithmetic_mean_rank": 246484.07956719378,
        "count": 113954.0,
        "geometric_mean_rank": 103667.47436412107,
        "harmonic_mean_rank": 2108.6693249930377,
        "hits_at_1": 0.00011408112045211225,
        "hits_at_10": 0.000842445197184829,
        "hits_at_3": 0.0003510188321603454,
        "hits_at_5": 0.0004914263650244836,
        "inverse_arithmetic_mean_rank": 4.057057160673093e-06,
        "inverse_geometric_mean_rank": 9.646227094214773e-06,
        "inverse_harmonic_mean_rank": 0.0004742327249452931,
        "inverse_median_rank": 6.183660912770187e-06,
        "median_absolute_deviation": 209229.27288216606,
        "median_rank": 161716.5,
        "standard_deviation": 241067.7818767375,
        "variance": 58113675458.9703,
        "z_arithmetic_mean_rank": 261.6361378497554,
        "z_geometric_mean_rank": 231.00438849726817,
        "z_hits_at_k": 83.81215678875587,
        "z_inverse_harmonic_mean_rank": 113.92465504386797
      },
      "realistic": {
        "adjusted_arithmetic_mean_rank": 0.5524909999048615,
        "adjusted_arithmetic_mean_rank_index": 0.44751000318376144,
        "adjusted_geometric_mean_rank_index": 0.684161097978532,
        "adjusted_hits_at_k": 0.0008312454534917644,
        "adjusted_inverse_harmonic_mean_rank": 0.0004582352605379026,
        "arithmetic_mean_rank": 246483.953125,
        "count": 113954.0,
        "geometric_mean_rank": 103667.359375,
        "harmonic_mean_rank": 2108.6689453125,
        "hits_at_1": 0.00011408112045211225,
        "hits_at_10": 0.000842445197184829,
        "hits_at_3": 0.0003510188321603454,
        "hits_at_5": 0.0004914263650244836,